"headword","partOfSpeech","thai","definition"
"acute","adj","เฉียบพลัน","severe and starting suddenly, used of an illness or pain"
"adopt","v","รับมาใช้/รับเป็นบุตรบุญธรรม","to start using a new idea or method; also to take another person's child into your family"
"altar","n","แท่นบูชา","a table used in religious ceremonies"
"astrology","n","โหราศาสตร์","the belief that the positions of the stars and planets affect people's lives"
"censure","v","ตำหนิอย่างเป็นทางการ","to criticise someone strongly and officially"
"compliment","n","คำชม","a remark that praises someone or something"
"considerate","adj","เอาใจใส่ผู้อื่น","kind and careful not to upset or trouble other people"
"discreet","adj","รอบคอบ/ไม่โจ่งแจ้ง","careful not to attract attention or to reveal private matters"
"emigrate","v","อพยพออกนอกประเทศ","to leave your own country in order to live in another"
"excess","n","ส่วนเกิน","an amount that is more than is needed or allowed"
"fair","adj","ยุติธรรม","treating people equally and in a reasonable way"
"import","v","นำเข้า","to buy goods from another country and bring them in"
"insure","v","ทำประกัน","to pay a company so that it will cover the cost of any loss or damage"
"persecute","v","ข่มเหง","to treat people cruelly or unfairly because of their race, religion or beliefs"
"proscribe","v","ประกาศห้าม","to officially forbid something"
"quantitative","adj","เชิงปริมาณ","relating to amounts or numbers"
"sensor","n","อุปกรณ์ตรวจจับ","a device that notices light, heat, movement or sound"
"sight","n","การมองเห็น","the ability to see, or something that you see"
